name_id,keywords,description,career,timezone
Mentor_1,"['precipitations', 'climate modeling', 'ENSO', 'extremes and vulnerability', 'atmosphere reanalysis']","With a profound interest in environmental sciences, my expertise encompasses areas such as precipitations, climate modeling, and ENSO. My work primarily focuses on understanding and analyzing the complexities of extremes and vulnerability. This involves extensive research and application of methodologies in the field of atmosphere reanalysis. I am passionate about contributing to the body of knowledge in this area, aiming to develop sustainable solutions and strategies. My approach is interdisciplinary, integrating aspects of environmental science, data analysis, and climate research to address key challenges in the domain.",academia,Asia
Mentor_2,"['sea level rise', 'paleoclimate', 'climate system', 'precipitations', 'adaptation and impact']","With a profound interest in environmental sciences, my expertise encompasses areas such as sea level rise, paleoclimate, and climate system. My work primarily focuses on understanding and analyzing the complexities of precipitations. This involves extensive research and application of methodologies in the field of adaptation and impact. I am passionate about contributing to the body of knowledge in this area, aiming to develop sustainable solutions and strategies. My approach is interdisciplinary, integrating aspects of environmental science, data analysis, and climate research to address key challenges in the domain.",industry,Europe - Africa
Mentor_3,"['ocean acidification', 'ocean reanalysis', 'climate response', 'land use', 'climate system']","With a profound interest in environmental sciences, my expertise encompasses areas such as ocean acidification, ocean reanalysis, and climate response. My work primarily focuses on understanding and analyzing the complexities of land use. This involves extensive research and application of methodologies in the field of climate system. I am passionate about contributing to the body of knowledge in this area, aiming to develop sustainable solutions and strategies. My approach is interdisciplinary, integrating aspects of environmental science, data analysis, and climate research to address key challenges in the domain.",academia,America
Mentor_4,"['climate system', 'heatwaves', 'extremes and vulnerability', 'sea level rise', 'climate data']","With a profound interest in environmental sciences, my expertise encompasses areas such as climate system, heatwaves, and extremes and vulnerability. My work primarily focuses on understanding and analyzing the complexities of sea level rise. This involves extensive research and application of methodologies in the field of climate data. I am passionate about contributing to the body of knowledge in this area, aiming to develop sustainable solutions and strategies. My approach is interdisciplinary, integrating aspects of environmental science, data analysis, and climate research to address key challenges in the domain.",academia,Oceania
Mentor_5,"['sea level rise', 'climate response', 'climate modeling', 'land use', 'adaptation and impact']","With a profound interest in environmental sciences, my expertise encompasses areas such as sea level rise, climate response, and climate modeling. My work primarily focuses on understanding and analyzing the complexities of land use. This involves extensive research and application of methodologies in the field of adaptation and impact. I am passionate about contributing to the body of knowledge in this area, aiming to develop sustainable solutions and strategies. My approach is interdisciplinary, integrating aspects of environmental science, data analysis, and climate research to address key challenges in the domain.",academia,Europe - Africa
Mentor_6,"['atmosphere reanalysis', 'paleoclimate', 'climate response', 'climate future', 'climate modeling']","With a profound interest in environmental sciences, my expertise encompasses areas such as atmosphere reanalysis, paleoclimate, and climate response. My work primarily focuses on understanding and analyzing the complexities of climate future. This involves extensive research and application of methodologies in the field of climate modeling. I am passionate about contributing to the body of knowledge in this area, aiming to develop sustainable solutions and strategies. My approach is interdisciplinary, integrating aspects of environmental science, data analysis, and climate research to address key challenges in the domain.",industry,America
Mentor_7,"['adaptation and impact', 'climate system', 'paleoclimate', 'atmosphere reanalysis', 'IPCC']","With a profound interest in environmental sciences, my expertise encompasses areas such as adaptation and impact, climate system, and paleoclimate. My work primarily focuses on understanding and analyzing the complexities of atmosphere reanalysis. This involves extensive research and application of methodologies in the field of IPCC. I am passionate about contributing to the body of knowledge in this area, aiming to develop sustainable solutions and strategies. My approach is interdisciplinary, integrating aspects of environmental science, data analysis, and climate research to address key challenges in the domain.",academia,America
Mentor_8,"['sea level rise', 'heatwaves', 'land use', 'adaptation and impact', 'ocean acidification']","With a profound interest in environmental sciences, my expertise encompasses areas such as sea level rise, heatwaves, and land use. My work primarily focuses on understanding and analyzing the complexities of adaptation and impact. This involves extensive research and application of methodologies in the field of ocean acidification. I am passionate about contributing to the body of knowledge in this area, aiming to develop sustainable solutions and strategies. My approach is interdisciplinary, integrating aspects of environmental science, data analysis, and climate research to address key challenges in the domain.",academia,America
Mentor_9,"['adaptation and impact', 'ocean acidification', 'wildfires', 'heatwaves', 'paleoclimate']","With a profound interest in environmental sciences, my expertise encompasses areas such as adaptation and impact, ocean acidification, and wildfires. My work primarily focuses on understanding and analyzing the complexities of heatwaves. This involves extensive research and application of methodologies in the field of paleoclimate. I am passionate about contributing to the body of knowledge in this area, aiming to develop sustainable solutions and strategies. My approach is interdisciplinary, integrating aspects of environmental science, data analysis, and climate research to address key challenges in the domain.",academia,Europe - Africa
Mentor_10,"['precipitations', 'climate response', 'wildfires', 'climate modeling', 'atmosphere reanalysis']","With a profound interest in environmental sciences, my expertise encompasses areas such as precipitations, climate response, and wildfires. My work primarily focuses on understanding and analyzing the complexities of climate modeling. This involves extensive research and application of methodologies in the field of atmosphere reanalysis. I am passionate about contributing to the body of knowledge in this area, aiming to develop sustainable solutions and strategies. My approach is interdisciplinary, integrating aspects of environmental science, data analysis, and climate research to address key challenges in the domain.",industry,Europe - Africa
Mentor_11,"['heatwaves', 'climate future', 'ocean acidification', 'climate system', 'paleoclimate']","With a profound interest in environmental sciences, my expertise encompasses areas such as heatwaves, climate future, and ocean acidification. My work primarily focuses on understanding and analyzing the complexities of climate system. This involves extensive research and application of methodologies in the field of paleoclimate. I am passionate about contributing to the body of knowledge in this area, aiming to develop sustainable solutions and strategies. My approach is interdisciplinary, integrating aspects of environmental science, data analysis, and climate research to address key challenges in the domain.",academia,Europe - Africa
Mentor_12,"['IPCC', 'wildfires', 'land use', 'heatwaves', 'paleoclimate']","With a profound interest in environmental sciences, my expertise encompasses areas such as IPCC, wildfires, and land use. My work primarily focuses on understanding and analyzing the complexities of heatwaves. This involves extensive research and application of methodologies in the field of paleoclimate. I am passionate about contributing to the body of knowledge in this area, aiming to develop sustainable solutions and strategies. My approach is interdisciplinary, integrating aspects of environmental science, data analysis, and climate research to address key challenges in the domain.",academia,Asia
Mentor_13,"['paleoclimate', 'climate response', 'land use', 'adaptation and impact', 'IPCC']","With a profound interest in environmental sciences, my expertise encompasses areas such as paleoclimate, climate response, and land use. My work primarily focuses on understanding and analyzing the complexities of adaptation and impact. This involves extensive research and application of methodologies in the field of IPCC. I am passionate about contributing to the body of knowledge in this area, aiming to develop sustainable solutions and strategies. My approach is interdisciplinary, integrating aspects of environmental science, data analysis, and climate research to address key challenges in the domain.",academia,Europe - Africa
Mentor_14,"['climate future', 'land use', 'ocean reanalysis', 'sea level rise', 'paleoclimate']","With a profound interest in environmental sciences, my expertise encompasses areas such as climate future, land use, and ocean reanalysis. My work primarily focuses on understanding and analyzing the complexities of sea level rise. This involves extensive research and application of methodologies in the field of paleoclimate. I am passionate about contributing to the body of knowledge in this area, aiming to develop sustainable solutions and strategies. My approach is interdisciplinary, integrating aspects of environmental science, data analysis, and climate research to address key challenges in the domain.",academia,Europe - Africa
Mentor_15,"['ocean acidification', 'precipitations', 'ENSO', 'sea level rise', 'climate response']","With a profound interest in environmental sciences, my expertise encompasses areas such as ocean acidification, precipitations, and ENSO. My work primarily focuses on understanding and analyzing the complexities of sea level rise. This involves extensive research and application of methodologies in the field of climate response. I am passionate about contributing to the body of knowledge in this area, aiming to develop sustainable solutions and strategies. My approach is interdisciplinary, integrating aspects of environmental science, data analysis, and climate research to address key challenges in the domain.",industry,Europe - Africa
Mentor_16,"['sea level rise', 'ocean reanalysis', 'climate response', 'climate modeling', 'extremes and vulnerability']","With a profound interest in environmental sciences, my expertise encompasses areas such as sea level rise, ocean reanalysis, and climate response. My work primarily focuses on understanding and analyzing the complexities of climate modeling. This involves extensive research and application of methodologies in the field of extremes and vulnerability. I am passionate about contributing to the body of knowledge in this area, aiming to develop sustainable solutions and strategies. My approach is interdisciplinary, integrating aspects of environmental science, data analysis, and climate research to address key challenges in the domain.",academia,Asia
Mentor_17,"['climate future', 'wildfires', 'climate system', 'ENSO', 'sea level rise']","With a profound interest in environmental sciences, my expertise encompasses areas such as climate future, wildfires, and climate system. My work primarily focuses on understanding and analyzing the complexities of ENSO. This involves extensive research and application of methodologies in the field of sea level rise. I am passionate about contributing to the body of knowledge in this area, aiming to develop sustainable solutions and strategies. My approach is interdisciplinary, integrating aspects of environmental science, data analysis, and climate research to address key challenges in the domain.",industry,Europe - Africa
Mentor_18,"['extremes and vulnerability', 'ocean acidification', 'ocean reanalysis', 'sea level rise', 'climate future']","With a profound interest in environmental sciences, my expertise encompasses areas such as extremes and vulnerability, ocean acidification, and ocean reanalysis. My work primarily focuses on understanding and analyzing the complexities of sea level rise. This involves extensive research and application of methodologies in the field of climate future. I am passionate about contributing to the body of knowledge in this area, aiming to develop sustainable solutions and strategies. My approach is interdisciplinary, integrating aspects of environmental science, data analysis, and climate research to address key challenges in the domain.",industry,America
Mentor_19,"['precipitations', 'heatwaves', 'ENSO', 'sea level rise', 'IPCC']","With a profound interest in environmental sciences, my expertise encompasses areas such as precipitations, heatwaves, and ENSO. My work primarily focuses on understanding and analyzing the complexities of sea level rise. This involves extensive research and application of methodologies in the field of IPCC. I am passionate about contributing to the body of knowledge in this area, aiming to develop sustainable solutions and strategies. My approach is interdisciplinary, integrating aspects of environmental science, data analysis, and climate research to address key challenges in the domain.",industry,Europe - Africa
Mentor_20,"['ENSO', 'extremes and vulnerability', 'sea level rise', 'land use', 'climate future']","With a profound interest in environmental sciences, my expertise encompasses areas such as ENSO, extremes and vulnerability, and sea level rise. My work primarily focuses on understanding and analyzing the complexities of land use. This involves extensive research and application of methodologies in the field of climate future. I am passionate about contributing to the body of knowledge in this area, aiming to develop sustainable solutions and strategies. My approach is interdisciplinary, integrating aspects of environmental science, data analysis, and climate research to address key challenges in the domain.",academia,America
Mentor_21,"['atmosphere reanalysis', 'climate data', 'IPCC', 'climate response', 'extremes and vulnerability']","With a profound interest in environmental sciences, my expertise encompasses areas such as atmosphere reanalysis, climate data, and IPCC. My work primarily focuses on understanding and analyzing the complexities of climate response. This involves extensive research and application of methodologies in the field of extremes and vulnerability. I am passionate about contributing to the body of knowledge in this area, aiming to develop sustainable solutions and strategies. My approach is interdisciplinary, integrating aspects of environmental science, data analysis, and climate research to address key challenges in the domain.",industry,America
Mentor_22,"['climate response', 'atmosphere reanalysis', 'sea level rise', 'climate system', 'extremes and vulnerability']","With a profound interest in environmental sciences, my expertise encompasses areas such as climate response, atmosphere reanalysis, and sea level rise. My work primarily focuses on understanding and analyzing the complexities of climate system. This involves extensive research and application of methodologies in the field of extremes and vulnerability. I am passionate about contributing to the body of knowledge in this area, aiming to develop sustainable solutions and strategies. My approach is interdisciplinary, integrating aspects of environmental science, data analysis, and climate research to address key challenges in the domain.",academia,America
Mentor_23,"['land use', 'adaptation and impact', 'climate future', 'IPCC', 'climate response']","With a profound interest in environmental sciences, my expertise encompasses areas such as land use, adaptation and impact, and climate future. My work primarily focuses on understanding and analyzing the complexities of IPCC. This involves extensive research and application of methodologies in the field of climate response. I am passionate about contributing to the body of knowledge in this area, aiming to develop sustainable solutions and strategies. My approach is interdisciplinary, integrating aspects of environmental science, data analysis, and climate research to address key challenges in the domain.",industry,Asia
Mentor_24,"['precipitations', 'climate response', 'extremes and vulnerability', 'sea level rise', 'wildfires']","With a profound interest in environmental sciences, my expertise encompasses areas such as precipitations, climate response, and extremes and vulnerability. My work primarily focuses on understanding and analyzing the complexities of sea level rise. This involves extensive research and application of methodologies in the field of wildfires. I am passionate about contributing to the body of knowledge in this area, aiming to develop sustainable solutions and strategies. My approach is interdisciplinary, integrating aspects of environmental science, data analysis, and climate research to address key challenges in the domain.",industry,Asia
Mentor_25,"['IPCC', 'ENSO', 'land use', 'heatwaves', 'extremes and vulnerability']","With a profound interest in environmental sciences, my expertise encompasses areas such as IPCC, ENSO, and land use. My work primarily focuses on understanding and analyzing the complexities of heatwaves. This involves extensive research and application of methodologies in the field of extremes and vulnerability. I am passionate about contributing to the body of knowledge in this area, aiming to develop sustainable solutions and strategies. My approach is interdisciplinary, integrating aspects of environmental science, data analysis, and climate research to address key challenges in the domain.",industry,Asia
Mentor_26,"['wildfires', 'adaptation and impact', 'climate data', 'climate response', 'ENSO']","With a profound interest in environmental sciences, my expertise encompasses areas such as wildfires, adaptation and impact, and climate data. My work primarily focuses on understanding and analyzing the complexities of climate response. This involves extensive research and application of methodologies in the field of ENSO. I am passionate about contributing to the body of knowledge in this area, aiming to develop sustainable solutions and strategies. My approach is interdisciplinary, integrating aspects of environmental science, data analysis, and climate research to address key challenges in the domain.",industry,Europe - Africa
Mentor_27,"['heatwaves', 'IPCC', 'climate system', 'land use', 'adaptation and impact']","With a profound interest in environmental sciences, my expertise encompasses areas such as heatwaves, IPCC, and climate system. My work primarily focuses on understanding and analyzing the complexities of land use. This involves extensive research and application of methodologies in the field of adaptation and impact. I am passionate about contributing to the body of knowledge in this area, aiming to develop sustainable solutions and strategies. My approach is interdisciplinary, integrating aspects of environmental science, data analysis, and climate research to address key challenges in the domain.",industry,America
Mentor_28,"['atmosphere reanalysis', 'wildfires', 'ocean acidification', 'land use', 'IPCC']","With a profound interest in environmental sciences, my expertise encompasses areas such as atmosphere reanalysis, wildfires, and ocean acidification. My work primarily focuses on understanding and analyzing the complexities of land use. This involves extensive research and application of methodologies in the field of IPCC. I am passionate about contributing to the body of knowledge in this area, aiming to develop sustainable solutions and strategies. My approach is interdisciplinary, integrating aspects of environmental science, data analysis, and climate research to address key challenges in the domain.",industry,Asia
Mentor_29,"['ocean acidification', 'precipitations', 'atmosphere reanalysis', 'heatwaves', 'land use']","With a profound interest in environmental sciences, my expertise encompasses areas such as ocean acidification, precipitations, and atmosphere reanalysis. My work primarily focuses on understanding and analyzing the complexities of heatwaves. This involves extensive research and application of methodologies in the field of land use. I am passionate about contributing to the body of knowledge in this area, aiming to develop sustainable solutions and strategies. My approach is interdisciplinary, integrating aspects of environmental science, data analysis, and climate research to address key challenges in the domain.",industry,Asia
Mentor_30,"['precipitations', 'sea level rise', 'paleoclimate', 'adaptation and impact', 'climate modeling']","With a profound interest in environmental sciences, my expertise encompasses areas such as precipitations, sea level rise, and paleoclimate. My work primarily focuses on understanding and analyzing the complexities of adaptation and impact. This involves extensive research and application of methodologies in the field of climate modeling. I am passionate about contributing to the body of knowledge in this area, aiming to develop sustainable solutions and strategies. My approach is interdisciplinary, integrating aspects of environmental science, data analysis, and climate research to address key challenges in the domain.",industry,Europe - Africa
Mentor_31,"['wildfires', 'heatwaves', 'ENSO', 'atmosphere reanalysis', 'climate data']","With a profound interest in environmental sciences, my expertise encompasses areas such as wildfires, heatwaves, and ENSO. My work primarily focuses on understanding and analyzing the complexities of atmosphere reanalysis. This involves extensive research and application of methodologies in the field of climate data. I am passionate about contributing to the body of knowledge in this area, aiming to develop sustainable solutions and strategies. My approach is interdisciplinary, integrating aspects of environmental science, data analysis, and climate research to address key challenges in the domain.",academia,Asia
Mentor_32,"['climate data', 'precipitations', 'ocean reanalysis', 'climate system', 'IPCC']","With a profound interest in environmental sciences, my expertise encompasses areas such as climate data, precipitations, and ocean reanalysis. My work primarily focuses on understanding and analyzing the complexities of climate system. This involves extensive research and application of methodologies in the field of IPCC. I am passionate about contributing to the body of knowledge in this area, aiming to develop sustainable solutions and strategies. My approach is interdisciplinary, integrating aspects of environmental science, data analysis, and climate research to address key challenges in the domain.",academia,Europe - Africa
Mentor_33,"['extremes and vulnerability', 'adaptation and impact', 'climate response', 'ocean acidification', 'sea level rise']","With a profound interest in environmental sciences, my expertise encompasses areas such as extremes and vulnerability, adaptation and impact, and climate response. My work primarily focuses on understanding and analyzing the complexities of ocean acidification. This involves extensive research and application of methodologies in the field of sea level rise. I am passionate about contributing to the body of knowledge in this area, aiming to develop sustainable solutions and strategies. My approach is interdisciplinary, integrating aspects of environmental science, data analysis, and climate research to address key challenges in the domain.",industry,Oceania
Mentor_34,"['climate future', 'wildfires', 'land use', 'sea level rise', 'climate modeling']","With a profound interest in environmental sciences, my expertise encompasses areas such as climate future, wildfires, and land use. My work primarily focuses on understanding and analyzing the complexities of sea level rise. This involves extensive research and application of methodologies in the field of climate modeling. I am passionate about contributing to the body of knowledge in this area, aiming to develop sustainable solutions and strategies. My approach is interdisciplinary, integrating aspects of environmental science, data analysis, and climate research to address key challenges in the domain.",industry,Asia
Mentor_35,"['wildfires', 'ocean acidification', 'precipitations', 'sea level rise', 'land use']","With a profound interest in environmental sciences, my expertise encompasses areas such as wildfires, ocean acidification, and precipitations. My work primarily focuses on understanding and analyzing the complexities of sea level rise. This involves extensive research and application of methodologies in the field of land use. I am passionate about contributing to the body of knowledge in this area, aiming to develop sustainable solutions and strategies. My approach is interdisciplinary, integrating aspects of environmental science, data analysis, and climate research to address key challenges in the domain.",industry,Oceania
Mentor_36,"['ENSO', 'climate data', 'ocean reanalysis', 'wildfires', 'climate future']","With a profound interest in environmental sciences, my expertise encompasses areas such as ENSO, climate data, and ocean reanalysis. My work primarily focuses on understanding and analyzing the complexities of wildfires. This involves extensive research and application of methodologies in the field of climate future. I am passionate about contributing to the body of knowledge in this area, aiming to develop sustainable solutions and strategies. My approach is interdisciplinary, integrating aspects of environmental science, data analysis, and climate research to address key challenges in the domain.",academia,Europe - Africa
Mentor_37,"['ocean acidification', 'climate future', 'IPCC', 'land use', 'paleoclimate']","With a profound interest in environmental sciences, my expertise encompasses areas such as ocean acidification, climate future, and IPCC. My work primarily focuses on understanding and analyzing the complexities of land use. This involves extensive research and application of methodologies in the field of paleoclimate. I am passionate about contributing to the body of knowledge in this area, aiming to develop sustainable solutions and strategies. My approach is interdisciplinary, integrating aspects of environmental science, data analysis, and climate research to address key challenges in the domain.",industry,America
Mentor_38,"['ocean reanalysis', 'climate system', 'climate data', 'climate modeling', 'ENSO']","With a profound interest in environmental sciences, my expertise encompasses areas such as ocean reanalysis, climate system, and climate data. My work primarily focuses on understanding and analyzing the complexities of climate modeling. This involves extensive research and application of methodologies in the field of ENSO. I am passionate about contributing to the body of knowledge in this area, aiming to develop sustainable solutions and strategies. My approach is interdisciplinary, integrating aspects of environmental science, data analysis, and climate research to address key challenges in the domain.",academia,Asia
Mentor_39,"['paleoclimate', 'IPCC', 'extremes and vulnerability', 'adaptation and impact', 'climate response']","With a profound interest in environmental sciences, my expertise encompasses areas such as paleoclimate, IPCC, and extremes and vulnerability. My work primarily focuses on understanding and analyzing the complexities of adaptation and impact. This involves extensive research and application of methodologies in the field of climate response. I am passionate about contributing to the body of knowledge in this area, aiming to develop sustainable solutions and strategies. My approach is interdisciplinary, integrating aspects of environmental science, data analysis, and climate research to address key challenges in the domain.",academia,Europe - Africa
Mentor_40,"['climate modeling', 'wildfires', 'climate future', 'ocean reanalysis', 'atmosphere reanalysis']","With a profound interest in environmental sciences, my expertise encompasses areas such as climate modeling, wildfires, and climate future. My work primarily focuses on understanding and analyzing the complexities of ocean reanalysis. This involves extensive research and application of methodologies in the field of atmosphere reanalysis. I am passionate about contributing to the body of knowledge in this area, aiming to develop sustainable solutions and strategies. My approach is interdisciplinary, integrating aspects of environmental science, data analysis, and climate research to address key challenges in the domain.",academia,America
Mentor_41,"['atmosphere reanalysis', 'sea level rise', 'climate modeling', 'ocean reanalysis', 'heatwaves']","With a profound interest in environmental sciences, my expertise encompasses areas such as atmosphere reanalysis, sea level rise, and climate modeling. My work primarily focuses on understanding and analyzing the complexities of ocean reanalysis. This involves extensive research and application of methodologies in the field of heatwaves. I am passionate about contributing to the body of knowledge in this area, aiming to develop sustainable solutions and strategies. My approach is interdisciplinary, integrating aspects of environmental science, data analysis, and climate research to address key challenges in the domain.",academia,America
Mentor_42,"['adaptation and impact', 'climate system', 'atmosphere reanalysis', 'land use', 'precipitations']","With a profound interest in environmental sciences, my expertise encompasses areas such as adaptation and impact, climate system, and atmosphere reanalysis. My work primarily focuses on understanding and analyzing the complexities of land use. This involves extensive research and application of methodologies in the field of precipitations. I am passionate about contributing to the body of knowledge in this area, aiming to develop sustainable solutions and strategies. My approach is interdisciplinary, integrating aspects of environmental science, data analysis, and climate research to address key challenges in the domain.",academia,Oceania
Mentor_43,"['precipitations', 'IPCC', 'atmosphere reanalysis', 'climate modeling', 'sea level rise']","With a profound interest in environmental sciences, my expertise encompasses areas such as precipitations, IPCC, and atmosphere reanalysis. My work primarily focuses on understanding and analyzing the complexities of climate modeling. This involves extensive research and application of methodologies in the field of sea level rise. I am passionate about contributing to the body of knowledge in this area, aiming to develop sustainable solutions and strategies. My approach is interdisciplinary, integrating aspects of environmental science, data analysis, and climate research to address key challenges in the domain.",industry,Europe - Africa
Mentor_44,"['ocean acidification', 'atmosphere reanalysis', 'land use', 'ocean reanalysis', 'paleoclimate']","With a profound interest in environmental sciences, my expertise encompasses areas such as ocean acidification, atmosphere reanalysis, and land use. My work primarily focuses on understanding and analyzing the complexities of ocean reanalysis. This involves extensive research and application of methodologies in the field of paleoclimate. I am passionate about contributing to the body of knowledge in this area, aiming to develop sustainable solutions and strategies. My approach is interdisciplinary, integrating aspects of environmental science, data analysis, and climate research to address key challenges in the domain.",industry,America
Mentor_45,"['climate future', 'adaptation and impact', 'heatwaves', 'ENSO', 'extremes and vulnerability']","With a profound interest in environmental sciences, my expertise encompasses areas such as climate future, adaptation and impact, and heatwaves. My work primarily focuses on understanding and analyzing the complexities of ENSO. This involves extensive research and application of methodologies in the field of extremes and vulnerability. I am passionate about contributing to the body of knowledge in this area, aiming to develop sustainable solutions and strategies. My approach is interdisciplinary, integrating aspects of environmental science, data analysis, and climate research to address key challenges in the domain.",industry,Asia
Mentor_46,"['extremes and vulnerability', 'adaptation and impact', 'heatwaves', 'climate response', 'atmosphere reanalysis']","With a profound interest in environmental sciences, my expertise encompasses areas such as extremes and vulnerability, adaptation and impact, and heatwaves. My work primarily focuses on understanding and analyzing the complexities of climate response. This involves extensive research and application of methodologies in the field of atmosphere reanalysis. I am passionate about contributing to the body of knowledge in this area, aiming to develop sustainable solutions and strategies. My approach is interdisciplinary, integrating aspects of environmental science, data analysis, and climate research to address key challenges in the domain.",industry,Asia
Mentor_47,"['extremes and vulnerability', 'climate response', 'IPCC', 'ocean acidification', 'wildfires']","With a profound interest in environmental sciences, my expertise encompasses areas such as extremes and vulnerability, climate response, and IPCC. My work primarily focuses on understanding and analyzing the complexities of ocean acidification. This involves extensive research and application of methodologies in the field of wildfires. I am passionate about contributing to the body of knowledge in this area, aiming to develop sustainable solutions and strategies. My approach is interdisciplinary, integrating aspects of environmental science, data analysis, and climate research to address key challenges in the domain.",industry,Oceania
Mentor_48,"['paleoclimate', 'heatwaves', 'ocean reanalysis', 'precipitations', 'climate data']","With a profound interest in environmental sciences, my expertise encompasses areas such as paleoclimate, heatwaves, and ocean reanalysis. My work primarily focuses on understanding and analyzing the complexities of precipitations. This involves extensive research and application of methodologies in the field of climate data. I am passionate about contributing to the body of knowledge in this area, aiming to develop sustainable solutions and strategies. My approach is interdisciplinary, integrating aspects of environmental science, data analysis, and climate research to address key challenges in the domain.",academia,America
Mentor_49,"['extremes and vulnerability', 'precipitations', 'ocean acidification', 'climate data', 'climate modeling']","With a profound interest in environmental sciences, my expertise encompasses areas such as extremes and vulnerability, precipitations, and ocean acidification. My work primarily focuses on understanding and analyzing the complexities of climate data. This involves extensive research and application of methodologies in the field of climate modeling. I am passionate about contributing to the body of knowledge in this area, aiming to develop sustainable solutions and strategies. My approach is interdisciplinary, integrating aspects of environmental science, data analysis, and climate research to address key challenges in the domain.",industry,Europe - Africa
Mentor_50,"['precipitations', 'paleoclimate', 'climate system', 'climate data', 'adaptation and impact']","With a profound interest in environmental sciences, my expertise encompasses areas such as precipitations, paleoclimate, and climate system. My work primarily focuses on understanding and analyzing the complexities of climate data. This involves extensive research and application of methodologies in the field of adaptation and impact. I am passionate about contributing to the body of knowledge in this area, aiming to develop sustainable solutions and strategies. My approach is interdisciplinary, integrating aspects of environmental science, data analysis, and climate research to address key challenges in the domain.",industry,Asia
Mentor_51,"['climate data', 'paleoclimate', 'precipitations', 'climate system', 'heatwaves']","With a profound interest in environmental sciences, my expertise encompasses areas such as climate data, paleoclimate, and precipitations. My work primarily focuses on understanding and analyzing the complexities of climate system. This involves extensive research and application of methodologies in the field of heatwaves. I am passionate about contributing to the body of knowledge in this area, aiming to develop sustainable solutions and strategies. My approach is interdisciplinary, integrating aspects of environmental science, data analysis, and climate research to address key challenges in the domain.",academia,America
Mentor_52,"['IPCC', 'sea level rise', 'ENSO', 'adaptation and impact', 'climate response']","With a profound interest in environmental sciences, my expertise encompasses areas such as IPCC, sea level rise, and ENSO. My work primarily focuses on understanding and analyzing the complexities of adaptation and impact. This involves extensive research and application of methodologies in the field of climate response. I am passionate about contributing to the body of knowledge in this area, aiming to develop sustainable solutions and strategies. My approach is interdisciplinary, integrating aspects of environmental science, data analysis, and climate research to address key challenges in the domain.",industry,America
Mentor_53,"['climate modeling', 'land use', 'ENSO', 'sea level rise', 'atmosphere reanalysis']","With a profound interest in environmental sciences, my expertise encompasses areas such as climate modeling, land use, and ENSO. My work primarily focuses on understanding and analyzing the complexities of sea level rise. This involves extensive research and application of methodologies in the field of atmosphere reanalysis. I am passionate about contributing to the body of knowledge in this area, aiming to develop sustainable solutions and strategies. My approach is interdisciplinary, integrating aspects of environmental science, data analysis, and climate research to address key challenges in the domain.",academia,Oceania
Mentor_54,"['climate modeling', 'extremes and vulnerability', 'climate future', 'wildfires', 'sea level rise']","With a profound interest in environmental sciences, my expertise encompasses areas such as climate modeling, extremes and vulnerability, and climate future. My work primarily focuses on understanding and analyzing the complexities of wildfires. This involves extensive research and application of methodologies in the field of sea level rise. I am passionate about contributing to the body of knowledge in this area, aiming to develop sustainable solutions and strategies. My approach is interdisciplinary, integrating aspects of environmental science, data analysis, and climate research to address key challenges in the domain.",industry,Asia
Mentor_55,"['climate response', 'wildfires', 'extremes and vulnerability', 'adaptation and impact', 'climate future']","With a profound interest in environmental sciences, my expertise encompasses areas such as climate response, wildfires, and extremes and vulnerability. My work primarily focuses on understanding and analyzing the complexities of adaptation and impact. This involves extensive research and application of methodologies in the field of climate future. I am passionate about contributing to the body of knowledge in this area, aiming to develop sustainable solutions and strategies. My approach is interdisciplinary, integrating aspects of environmental science, data analysis, and climate research to address key challenges in the domain.",academia,Asia
Mentor_56,"['adaptation and impact', 'ocean acidification', 'climate response', 'atmosphere reanalysis', 'sea level rise']","With a profound interest in environmental sciences, my expertise encompasses areas such as adaptation and impact, ocean acidification, and climate response. My work primarily focuses on understanding and analyzing the complexities of atmosphere reanalysis. This involves extensive research and application of methodologies in the field of sea level rise. I am passionate about contributing to the body of knowledge in this area, aiming to develop sustainable solutions and strategies. My approach is interdisciplinary, integrating aspects of environmental science, data analysis, and climate research to address key challenges in the domain.",industry,Europe - Africa
Mentor_57,"['adaptation and impact', 'extremes and vulnerability', 'sea level rise', 'ENSO', 'paleoclimate']","With a profound interest in environmental sciences, my expertise encompasses areas such as adaptation and impact, extremes and vulnerability, and sea level rise. My work primarily focuses on understanding and analyzing the complexities of ENSO. This involves extensive research and application of methodologies in the field of paleoclimate. I am passionate about contributing to the body of knowledge in this area, aiming to develop sustainable solutions and strategies. My approach is interdisciplinary, integrating aspects of environmental science, data analysis, and climate research to address key challenges in the domain.",industry,Asia
Mentor_58,"['adaptation and impact', 'paleoclimate', 'sea level rise', 'climate data', 'climate modeling']","With a profound interest in environmental sciences, my expertise encompasses areas such as adaptation and impact, paleoclimate, and sea level rise. My work primarily focuses on understanding and analyzing the complexities of climate data. This involves extensive research and application of methodologies in the field of climate modeling. I am passionate about contributing to the body of knowledge in this area, aiming to develop sustainable solutions and strategies. My approach is interdisciplinary, integrating aspects of environmental science, data analysis, and climate research to address key challenges in the domain.",academia,Europe - Africa
Mentor_59,"['climate response', 'ocean acidification', 'land use', 'climate data', 'precipitations']","With a profound interest in environmental sciences, my expertise encompasses areas such as climate response, ocean acidification, and land use. My work primarily focuses on understanding and analyzing the complexities of climate data. This involves extensive research and application of methodologies in the field of precipitations. I am passionate about contributing to the body of knowledge in this area, aiming to develop sustainable solutions and strategies. My approach is interdisciplinary, integrating aspects of environmental science, data analysis, and climate research to address key challenges in the domain.",academia,Asia
Mentor_60,"['sea level rise', 'ocean reanalysis', 'wildfires', 'paleoclimate', 'ENSO']","With a profound interest in environmental sciences, my expertise encompasses areas such as sea level rise, ocean reanalysis, and wildfires. My work primarily focuses on understanding and analyzing the complexities of paleoclimate. This involves extensive research and application of methodologies in the field of ENSO. I am passionate about contributing to the body of knowledge in this area, aiming to develop sustainable solutions and strategies. My approach is interdisciplinary, integrating aspects of environmental science, data analysis, and climate research to address key challenges in the domain.",academia,Oceania
Mentor_61,"['extremes and vulnerability', 'land use', 'atmosphere reanalysis', 'climate data', 'ocean reanalysis']","With a profound interest in environmental sciences, my expertise encompasses areas such as extremes and vulnerability, land use, and atmosphere reanalysis. My work primarily focuses on understanding and analyzing the complexities of climate data. This involves extensive research and application of methodologies in the field of ocean reanalysis. I am passionate about contributing to the body of knowledge in this area, aiming to develop sustainable solutions and strategies. My approach is interdisciplinary, integrating aspects of environmental science, data analysis, and climate research to address key challenges in the domain.",academia,Asia
Mentor_62,"['sea level rise', 'wildfires', 'ENSO', 'IPCC', 'extremes and vulnerability']","With a profound interest in environmental sciences, my expertise encompasses areas such as sea level rise, wildfires, and ENSO. My work primarily focuses on understanding and analyzing the complexities of IPCC. This involves extensive research and application of methodologies in the field of extremes and vulnerability. I am passionate about contributing to the body of knowledge in this area, aiming to develop sustainable solutions and strategies. My approach is interdisciplinary, integrating aspects of environmental science, data analysis, and climate research to address key challenges in the domain.",academia,Europe - Africa
Mentor_63,"['wildfires', 'atmosphere reanalysis', 'extremes and vulnerability', 'heatwaves', 'climate response']","With a profound interest in environmental sciences, my expertise encompasses areas such as wildfires, atmosphere reanalysis, and extremes and vulnerability. My work primarily focuses on understanding and analyzing the complexities of heatwaves. This involves extensive research and application of methodologies in the field of climate response. I am passionate about contributing to the body of knowledge in this area, aiming to develop sustainable solutions and strategies. My approach is interdisciplinary, integrating aspects of environmental science, data analysis, and climate research to address key challenges in the domain.",academia,Europe - Africa
Mentor_64,"['climate modeling', 'climate future', 'land use', 'climate system', 'wildfires']","With a profound interest in environmental sciences, my expertise encompasses areas such as climate modeling, climate future, and land use. My work primarily focuses on understanding and analyzing the complexities of climate system. This involves extensive research and application of methodologies in the field of wildfires. I am passionate about contributing to the body of knowledge in this area, aiming to develop sustainable solutions and strategies. My approach is interdisciplinary, integrating aspects of environmental science, data analysis, and climate research to address key challenges in the domain.",academia,Oceania
Mentor_65,"['sea level rise', 'heatwaves', 'ocean acidification', 'ENSO', 'paleoclimate']","With a profound interest in environmental sciences, my expertise encompasses areas such as sea level rise, heatwaves, and ocean acidification. My work primarily focuses on understanding and analyzing the complexities of ENSO. This involves extensive research and application of methodologies in the field of paleoclimate. I am passionate about contributing to the body of knowledge in this area, aiming to develop sustainable solutions and strategies. My approach is interdisciplinary, integrating aspects of environmental science, data analysis, and climate research to address key challenges in the domain.",academia,Asia
Mentor_66,"['ocean reanalysis', 'extremes and vulnerability', 'adaptation and impact', 'climate future', 'atmosphere reanalysis']","With a profound interest in environmental sciences, my expertise encompasses areas such as ocean reanalysis, extremes and vulnerability, and adaptation and impact. My work primarily focuses on understanding and analyzing the complexities of climate future. This involves extensive research and application of methodologies in the field of atmosphere reanalysis. I am passionate about contributing to the body of knowledge in this area, aiming to develop sustainable solutions and strategies. My approach is interdisciplinary, integrating aspects of environmental science, data analysis, and climate research to address key challenges in the domain.",industry,Asia
Mentor_67,"['ocean acidification', 'climate data', 'extremes and vulnerability', 'adaptation and impact', 'IPCC']","With a profound interest in environmental sciences, my expertise encompasses areas such as ocean acidification, climate data, and extremes and vulnerability. My work primarily focuses on understanding and analyzing the complexities of adaptation and impact. This involves extensive research and application of methodologies in the field of IPCC. I am passionate about contributing to the body of knowledge in this area, aiming to develop sustainable solutions and strategies. My approach is interdisciplinary, integrating aspects of environmental science, data analysis, and climate research to address key challenges in the domain.",industry,Oceania
Mentor_68,"['atmosphere reanalysis', 'ocean reanalysis', 'climate response', 'climate system', 'land use']","With a profound interest in environmental sciences, my expertise encompasses areas such as atmosphere reanalysis, ocean reanalysis, and climate response. My work primarily focuses on understanding and analyzing the complexities of climate system. This involves extensive research and application of methodologies in the field of land use. I am passionate about contributing to the body of knowledge in this area, aiming to develop sustainable solutions and strategies. My approach is interdisciplinary, integrating aspects of environmental science, data analysis, and climate research to address key challenges in the domain.",academia,Asia
Mentor_69,"['climate data', 'wildfires', 'atmosphere reanalysis', 'adaptation and impact', 'ENSO']","With a profound interest in environmental sciences, my expertise encompasses areas such as climate data, wildfires, and atmosphere reanalysis. My work primarily focuses on understanding and analyzing the complexities of adaptation and impact. This involves extensive research and application of methodologies in the field of ENSO. I am passionate about contributing to the body of knowledge in this area, aiming to develop sustainable solutions and strategies. My approach is interdisciplinary, integrating aspects of environmental science, data analysis, and climate research to address key challenges in the domain.",industry,Asia
Mentor_70,"['paleoclimate', 'climate response', 'ocean reanalysis', 'ENSO', 'adaptation and impact']","With a profound interest in environmental sciences, my expertise encompasses areas such as paleoclimate, climate response, and ocean reanalysis. My work primarily focuses on understanding and analyzing the complexities of ENSO. This involves extensive research and application of methodologies in the field of adaptation and impact. I am passionate about contributing to the body of knowledge in this area, aiming to develop sustainable solutions and strategies. My approach is interdisciplinary, integrating aspects of environmental science, data analysis, and climate research to address key challenges in the domain.",industry,Europe - Africa
Mentor_71,"['climate response', 'heatwaves', 'extremes and vulnerability', 'sea level rise', 'atmosphere reanalysis']","With a profound interest in environmental sciences, my expertise encompasses areas such as climate response, heatwaves, and extremes and vulnerability. My work primarily focuses on understanding and analyzing the complexities of sea level rise. This involves extensive research and application of methodologies in the field of atmosphere reanalysis. I am passionate about contributing to the body of knowledge in this area, aiming to develop sustainable solutions and strategies. My approach is interdisciplinary, integrating aspects of environmental science, data analysis, and climate research to address key challenges in the domain.",industry,Asia
Mentor_72,"['ocean acidification', 'sea level rise', 'climate future', 'climate data', 'climate system']","With a profound interest in environmental sciences, my expertise encompasses areas such as ocean acidification, sea level rise, and climate future. My work primarily focuses on understanding and analyzing the complexities of climate data. This involves extensive research and application of methodologies in the field of climate system. I am passionate about contributing to the body of knowledge in this area, aiming to develop sustainable solutions and strategies. My approach is interdisciplinary, integrating aspects of environmental science, data analysis, and climate research to address key challenges in the domain.",industry,Asia
Mentor_73,"['ocean reanalysis', 'IPCC', 'precipitations', 'sea level rise', 'adaptation and impact']","With a profound interest in environmental sciences, my expertise encompasses areas such as ocean reanalysis, IPCC, and precipitations. My work primarily focuses on understanding and analyzing the complexities of sea level rise. This involves extensive research and application of methodologies in the field of adaptation and impact. I am passionate about contributing to the body of knowledge in this area, aiming to develop sustainable solutions and strategies. My approach is interdisciplinary, integrating aspects of environmental science, data analysis, and climate research to address key challenges in the domain.",academia,Oceania
Mentor_74,"['extremes and vulnerability', 'land use', 'ocean reanalysis', 'climate modeling', 'wildfires']","With a profound interest in environmental sciences, my expertise encompasses areas such as extremes and vulnerability, land use, and ocean reanalysis. My work primarily focuses on understanding and analyzing the complexities of climate modeling. This involves extensive research and application of methodologies in the field of wildfires. I am passionate about contributing to the body of knowledge in this area, aiming to develop sustainable solutions and strategies. My approach is interdisciplinary, integrating aspects of environmental science, data analysis, and climate research to address key challenges in the domain.",industry,Oceania
Mentor_75,"['climate future', 'IPCC', 'heatwaves', 'climate system', 'adaptation and impact']","With a profound interest in environmental sciences, my expertise encompasses areas such as climate future, IPCC, and heatwaves. My work primarily focuses on understanding and analyzing the complexities of climate system. This involves extensive research and application of methodologies in the field of adaptation and impact. I am passionate about contributing to the body of knowledge in this area, aiming to develop sustainable solutions and strategies. My approach is interdisciplinary, integrating aspects of environmental science, data analysis, and climate research to address key challenges in the domain.",academia,America
Mentor_76,"['sea level rise', 'climate modeling', 'wildfires', 'atmosphere reanalysis', 'heatwaves']","With a profound interest in environmental sciences, my expertise encompasses areas such as sea level rise, climate modeling, and wildfires. My work primarily focuses on understanding and analyzing the complexities of atmosphere reanalysis. This involves extensive research and application of methodologies in the field of heatwaves. I am passionate about contributing to the body of knowledge in this area, aiming to develop sustainable solutions and strategies. My approach is interdisciplinary, integrating aspects of environmental science, data analysis, and climate research to address key challenges in the domain.",industry,Europe - Africa
Mentor_77,"['sea level rise', 'ENSO', 'paleoclimate', 'climate data', 'climate modeling']","With a profound interest in environmental sciences, my expertise encompasses areas such as sea level rise, ENSO, and paleoclimate. My work primarily focuses on understanding and analyzing the complexities of climate data. This involves extensive research and application of methodologies in the field of climate modeling. I am passionate about contributing to the body of knowledge in this area, aiming to develop sustainable solutions and strategies. My approach is interdisciplinary, integrating aspects of environmental science, data analysis, and climate research to address key challenges in the domain.",industry,Asia
Mentor_78,"['wildfires', 'adaptation and impact', 'paleoclimate', 'atmosphere reanalysis', 'extremes and vulnerability']","With a profound interest in environmental sciences, my expertise encompasses areas such as wildfires, adaptation and impact, and paleoclimate. My work primarily focuses on understanding and analyzing the complexities of atmosphere reanalysis. This involves extensive research and application of methodologies in the field of extremes and vulnerability. I am passionate about contributing to the body of knowledge in this area, aiming to develop sustainable solutions and strategies. My approach is interdisciplinary, integrating aspects of environmental science, data analysis, and climate research to address key challenges in the domain.",industry,Asia
Mentor_79,"['ENSO', 'extremes and vulnerability', 'ocean acidification', 'IPCC', 'wildfires']","With a profound interest in environmental sciences, my expertise encompasses areas such as ENSO, extremes and vulnerability, and ocean acidification. My work primarily focuses on understanding and analyzing the complexities of IPCC. This involves extensive research and application of methodologies in the field of wildfires. I am passionate about contributing to the body of knowledge in this area, aiming to develop sustainable solutions and strategies. My approach is interdisciplinary, integrating aspects of environmental science, data analysis, and climate research to address key challenges in the domain.",academia,America
Mentor_80,"['heatwaves', 'ENSO', 'adaptation and impact', 'extremes and vulnerability', 'sea level rise']","With a profound interest in environmental sciences, my expertise encompasses areas such as heatwaves, ENSO, and adaptation and impact. My work primarily focuses on understanding and analyzing the complexities of extremes and vulnerability. This involves extensive research and application of methodologies in the field of sea level rise. I am passionate about contributing to the body of knowledge in this area, aiming to develop sustainable solutions and strategies. My approach is interdisciplinary, integrating aspects of environmental science, data analysis, and climate research to address key challenges in the domain.",industry,Asia
Mentor_81,"['IPCC', 'ocean acidification', 'climate future', 'paleoclimate', 'climate modeling']","With a profound interest in environmental sciences, my expertise encompasses areas such as IPCC, ocean acidification, and climate future. My work primarily focuses on understanding and analyzing the complexities of paleoclimate. This involves extensive research and application of methodologies in the field of climate modeling. I am passionate about contributing to the body of knowledge in this area, aiming to develop sustainable solutions and strategies. My approach is interdisciplinary, integrating aspects of environmental science, data analysis, and climate research to address key challenges in the domain.",academia,Europe - Africa
Mentor_82,"['heatwaves', 'precipitations', 'climate system', 'ocean reanalysis', 'land use']","With a profound interest in environmental sciences, my expertise encompasses areas such as heatwaves, precipitations, and climate system. My work primarily focuses on understanding and analyzing the complexities of ocean reanalysis. This involves extensive research and application of methodologies in the field of land use. I am passionate about contributing to the body of knowledge in this area, aiming to develop sustainable solutions and strategies. My approach is interdisciplinary, integrating aspects of environmental science, data analysis, and climate research to address key challenges in the domain.",industry,America
Mentor_83,"['heatwaves', 'atmosphere reanalysis', 'precipitations', 'adaptation and impact', 'sea level rise']","With a profound interest in environmental sciences, my expertise encompasses areas such as heatwaves, atmosphere reanalysis, and precipitations. My work primarily focuses on understanding and analyzing the complexities of adaptation and impact. This involves extensive research and application of methodologies in the field of sea level rise. I am passionate about contributing to the body of knowledge in this area, aiming to develop sustainable solutions and strategies. My approach is interdisciplinary, integrating aspects of environmental science, data analysis, and climate research to address key challenges in the domain.",academia,Europe - Africa
Mentor_84,"['ocean acidification', 'land use', 'climate system', 'wildfires', 'IPCC']","With a profound interest in environmental sciences, my expertise encompasses areas such as ocean acidification, land use, and climate system. My work primarily focuses on understanding and analyzing the complexities of wildfires. This involves extensive research and application of methodologies in the field of IPCC. I am passionate about contributing to the body of knowledge in this area, aiming to develop sustainable solutions and strategies. My approach is interdisciplinary, integrating aspects of environmental science, data analysis, and climate research to address key challenges in the domain.",industry,America
Mentor_85,"['precipitations', 'climate future', 'ocean acidification', 'climate data', 'ENSO']","With a profound interest in environmental sciences, my expertise encompasses areas such as precipitations, climate future, and ocean acidification. My work primarily focuses on understanding and analyzing the complexities of climate data. This involves extensive research and application of methodologies in the field of ENSO. I am passionate about contributing to the body of knowledge in this area, aiming to develop sustainable solutions and strategies. My approach is interdisciplinary, integrating aspects of environmental science, data analysis, and climate research to address key challenges in the domain.",academia,America
Mentor_86,"['ENSO', 'wildfires', 'IPCC', 'climate future', 'climate response']","With a profound interest in environmental sciences, my expertise encompasses areas such as ENSO, wildfires, and IPCC. My work primarily focuses on understanding and analyzing the complexities of climate future. This involves extensive research and application of methodologies in the field of climate response. I am passionate about contributing to the body of knowledge in this area, aiming to develop sustainable solutions and strategies. My approach is interdisciplinary, integrating aspects of environmental science, data analysis, and climate research to address key challenges in the domain.",academia,Oceania
Mentor_87,"['atmosphere reanalysis', 'precipitations', 'climate modeling', 'sea level rise', 'ocean acidification']","With a profound interest in environmental sciences, my expertise encompasses areas such as atmosphere reanalysis, precipitations, and climate modeling. My work primarily focuses on understanding and analyzing the complexities of sea level rise. This involves extensive research and application of methodologies in the field of ocean acidification. I am passionate about contributing to the body of knowledge in this area, aiming to develop sustainable solutions and strategies. My approach is interdisciplinary, integrating aspects of environmental science, data analysis, and climate research to address key challenges in the domain.",industry,Europe - Africa
Mentor_88,"['adaptation and impact', 'ENSO', 'wildfires', 'ocean reanalysis', 'IPCC']","With a profound interest in environmental sciences, my expertise encompasses areas such as adaptation and impact, ENSO, and wildfires. My work primarily focuses on understanding and analyzing the complexities of ocean reanalysis. This involves extensive research and application of methodologies in the field of IPCC. I am passionate about contributing to the body of knowledge in this area, aiming to develop sustainable solutions and strategies. My approach is interdisciplinary, integrating aspects of environmental science, data analysis, and climate research to address key challenges in the domain.",academia,Asia
Mentor_89,"['adaptation and impact', 'climate data', 'climate future', 'wildfires', 'sea level rise']","With a profound interest in environmental sciences, my expertise encompasses areas such as adaptation and impact, climate data, and climate future. My work primarily focuses on understanding and analyzing the complexities of wildfires. This involves extensive research and application of methodologies in the field of sea level rise. I am passionate about contributing to the body of knowledge in this area, aiming to develop sustainable solutions and strategies. My approach is interdisciplinary, integrating aspects of environmental science, data analysis, and climate research to address key challenges in the domain.",industry,Asia
Mentor_90,"['atmosphere reanalysis', 'ocean reanalysis', 'ocean acidification', 'paleoclimate', 'ENSO']","With a profound interest in environmental sciences, my expertise encompasses areas such as atmosphere reanalysis, ocean reanalysis, and ocean acidification. My work primarily focuses on understanding and analyzing the complexities of paleoclimate. This involves extensive research and application of methodologies in the field of ENSO. I am passionate about contributing to the body of knowledge in this area, aiming to develop sustainable solutions and strategies. My approach is interdisciplinary, integrating aspects of environmental science, data analysis, and climate research to address key challenges in the domain.",industry,Europe - Africa
Mentor_91,"['atmosphere reanalysis', 'climate modeling', 'ocean acidification', 'climate response', 'paleoclimate']","With a profound interest in environmental sciences, my expertise encompasses areas such as atmosphere reanalysis, climate modeling, and ocean acidification. My work primarily focuses on understanding and analyzing the complexities of climate response. This involves extensive research and application of methodologies in the field of paleoclimate. I am passionate about contributing to the body of knowledge in this area, aiming to develop sustainable solutions and strategies. My approach is interdisciplinary, integrating aspects of environmental science, data analysis, and climate research to address key challenges in the domain.",industry,Asia
Mentor_92,"['climate modeling', 'climate system', 'heatwaves', 'paleoclimate', 'climate future']","With a profound interest in environmental sciences, my expertise encompasses areas such as climate modeling, climate system, and heatwaves. My work primarily focuses on understanding and analyzing the complexities of paleoclimate. This involves extensive research and application of methodologies in the field of climate future. I am passionate about contributing to the body of knowledge in this area, aiming to develop sustainable solutions and strategies. My approach is interdisciplinary, integrating aspects of environmental science, data analysis, and climate research to address key challenges in the domain.",industry,Asia
Mentor_93,"['extremes and vulnerability', 'climate modeling', 'paleoclimate', 'adaptation and impact', 'climate response']","With a profound interest in environmental sciences, my expertise encompasses areas such as extremes and vulnerability, climate modeling, and paleoclimate. My work primarily focuses on understanding and analyzing the complexities of adaptation and impact. This involves extensive research and application of methodologies in the field of climate response. I am passionate about contributing to the body of knowledge in this area, aiming to develop sustainable solutions and strategies. My approach is interdisciplinary, integrating aspects of environmental science, data analysis, and climate research to address key challenges in the domain.",industry,Europe - Africa
Mentor_94,"['atmosphere reanalysis', 'climate future', 'precipitations', 'climate data', 'land use']","With a profound interest in environmental sciences, my expertise encompasses areas such as atmosphere reanalysis, climate future, and precipitations. My work primarily focuses on understanding and analyzing the complexities of climate data. This involves extensive research and application of methodologies in the field of land use. I am passionate about contributing to the body of knowledge in this area, aiming to develop sustainable solutions and strategies. My approach is interdisciplinary, integrating aspects of environmental science, data analysis, and climate research to address key challenges in the domain.",industry,America
Mentor_95,"['ocean reanalysis', 'climate future', 'paleoclimate', 'land use', 'IPCC']","With a profound interest in environmental sciences, my expertise encompasses areas such as ocean reanalysis, climate future, and paleoclimate. My work primarily focuses on understanding and analyzing the complexities of land use. This involves extensive research and application of methodologies in the field of IPCC. I am passionate about contributing to the body of knowledge in this area, aiming to develop sustainable solutions and strategies. My approach is interdisciplinary, integrating aspects of environmental science, data analysis, and climate research to address key challenges in the domain.",industry,Europe - Africa
Mentor_96,"['atmosphere reanalysis', 'climate future', 'heatwaves', 'climate data', 'adaptation and impact']","With a profound interest in environmental sciences, my expertise encompasses areas such as atmosphere reanalysis, climate future, and heatwaves. My work primarily focuses on understanding and analyzing the complexities of climate data. This involves extensive research and application of methodologies in the field of adaptation and impact. I am passionate about contributing to the body of knowledge in this area, aiming to develop sustainable solutions and strategies. My approach is interdisciplinary, integrating aspects of environmental science, data analysis, and climate research to address key challenges in the domain.",industry,America
Mentor_97,"['atmosphere reanalysis', 'precipitations', 'climate response', 'wildfires', 'ENSO']","With a profound interest in environmental sciences, my expertise encompasses areas such as atmosphere reanalysis, precipitations, and climate response. My work primarily focuses on understanding and analyzing the complexities of wildfires. This involves extensive research and application of methodologies in the field of ENSO. I am passionate about contributing to the body of knowledge in this area, aiming to develop sustainable solutions and strategies. My approach is interdisciplinary, integrating aspects of environmental science, data analysis, and climate research to address key challenges in the domain.",industry,Asia
Mentor_98,"['heatwaves', 'climate modeling', 'climate data', 'ENSO', 'precipitations']","With a profound interest in environmental sciences, my expertise encompasses areas such as heatwaves, climate modeling, and climate data. My work primarily focuses on understanding and analyzing the complexities of ENSO. This involves extensive research and application of methodologies in the field of precipitations. I am passionate about contributing to the body of knowledge in this area, aiming to develop sustainable solutions and strategies. My approach is interdisciplinary, integrating aspects of environmental science, data analysis, and climate research to address key challenges in the domain.",industry,Asia
Mentor_99,"['paleoclimate', 'extremes and vulnerability', 'wildfires', 'atmosphere reanalysis', 'climate future']","With a profound interest in environmental sciences, my expertise encompasses areas such as paleoclimate, extremes and vulnerability, and wildfires. My work primarily focuses on understanding and analyzing the complexities of atmosphere reanalysis. This involves extensive research and application of methodologies in the field of climate future. I am passionate about contributing to the body of knowledge in this area, aiming to develop sustainable solutions and strategies. My approach is interdisciplinary, integrating aspects of environmental science, data analysis, and climate research to address key challenges in the domain.",industry,Asia
Mentor_100,"['adaptation and impact', 'extremes and vulnerability', 'atmosphere reanalysis', 'ocean reanalysis', 'wildfires']","With a profound interest in environmental sciences, my expertise encompasses areas such as adaptation and impact, extremes and vulnerability, and atmosphere reanalysis. My work primarily focuses on understanding and analyzing the complexities of ocean reanalysis. This involves extensive research and application of methodologies in the field of wildfires. I am passionate about contributing to the body of knowledge in this area, aiming to develop sustainable solutions and strategies. My approach is interdisciplinary, integrating aspects of environmental science, data analysis, and climate research to address key challenges in the domain.",academia,Oceania
Mentor_101,"['climate future', 'ENSO', 'precipitations', 'adaptation and impact', 'atmosphere reanalysis']","With a profound interest in environmental sciences, my expertise encompasses areas such as climate future, ENSO, and precipitations. My work primarily focuses on understanding and analyzing the complexities of adaptation and impact. This involves extensive research and application of methodologies in the field of atmosphere reanalysis. I am passionate about contributing to the body of knowledge in this area, aiming to develop sustainable solutions and strategies. My approach is interdisciplinary, integrating aspects of environmental science, data analysis, and climate research to address key challenges in the domain.",academia,America
Mentor_102,"['precipitations', 'climate future', 'ENSO', 'ocean acidification', 'paleoclimate']","With a profound interest in environmental sciences, my expertise encompasses areas such as precipitations, climate future, and ENSO. My work primarily focuses on understanding and analyzing the complexities of ocean acidification. This involves extensive research and application of methodologies in the field of paleoclimate. I am passionate about contributing to the body of knowledge in this area, aiming to develop sustainable solutions and strategies. My approach is interdisciplinary, integrating aspects of environmental science, data analysis, and climate research to address key challenges in the domain.",industry,Oceania
Mentor_103,"['ocean reanalysis', 'ENSO', 'climate future', 'climate response', 'extremes and vulnerability']","With a profound interest in environmental sciences, my expertise encompasses areas such as ocean reanalysis, ENSO, and climate future. My work primarily focuses on understanding and analyzing the complexities of climate response. This involves extensive research and application of methodologies in the field of extremes and vulnerability. I am passionate about contributing to the body of knowledge in this area, aiming to develop sustainable solutions and strategies. My approach is interdisciplinary, integrating aspects of environmental science, data analysis, and climate research to address key challenges in the domain.",industry,Oceania
Mentor_104,"['extremes and vulnerability', 'precipitations', 'IPCC', 'atmosphere reanalysis', 'ENSO']","With a profound interest in environmental sciences, my expertise encompasses areas such as extremes and vulnerability, precipitations, and IPCC. My work primarily focuses on understanding and analyzing the complexities of atmosphere reanalysis. This involves extensive research and application of methodologies in the field of ENSO. I am passionate about contributing to the body of knowledge in this area, aiming to develop sustainable solutions and strategies. My approach is interdisciplinary, integrating aspects of environmental science, data analysis, and climate research to address key challenges in the domain.",industry,Europe - Africa
Mentor_105,"['paleoclimate', 'sea level rise', 'wildfires', 'IPCC', 'climate response']","With a profound interest in environmental sciences, my expertise encompasses areas such as paleoclimate, sea level rise, and wildfires. My work primarily focuses on understanding and analyzing the complexities of IPCC. This involves extensive research and application of methodologies in the field of climate response. I am passionate about contributing to the body of knowledge in this area, aiming to develop sustainable solutions and strategies. My approach is interdisciplinary, integrating aspects of environmental science, data analysis, and climate research to address key challenges in the domain.",industry,Oceania
Mentor_106,"['climate system', 'ENSO', 'climate response', 'ocean acidification', 'climate future']","With a profound interest in environmental sciences, my expertise encompasses areas such as climate system, ENSO, and climate response. My work primarily focuses on understanding and analyzing the complexities of ocean acidification. This involves extensive research and application of methodologies in the field of climate future. I am passionate about contributing to the body of knowledge in this area, aiming to develop sustainable solutions and strategies. My approach is interdisciplinary, integrating aspects of environmental science, data analysis, and climate research to address key challenges in the domain.",industry,Europe - Africa
Mentor_107,"['extremes and vulnerability', 'ENSO', 'IPCC', 'climate system', 'land use']","With a profound interest in environmental sciences, my expertise encompasses areas such as extremes and vulnerability, ENSO, and IPCC. My work primarily focuses on understanding and analyzing the complexities of climate system. This involves extensive research and application of methodologies in the field of land use. I am passionate about contributing to the body of knowledge in this area, aiming to develop sustainable solutions and strategies. My approach is interdisciplinary, integrating aspects of environmental science, data analysis, and climate research to address key challenges in the domain.",industry,Europe - Africa
Mentor_108,"['climate response', 'heatwaves', 'climate data', 'atmosphere reanalysis', 'precipitations']","With a profound interest in environmental sciences, my expertise encompasses areas such as climate response, heatwaves, and climate data. My work primarily focuses on understanding and analyzing the complexities of atmosphere reanalysis. This involves extensive research and application of methodologies in the field of precipitations. I am passionate about contributing to the body of knowledge in this area, aiming to develop sustainable solutions and strategies. My approach is interdisciplinary, integrating aspects of environmental science, data analysis, and climate research to address key challenges in the domain.",industry,Oceania
Mentor_109,"['atmosphere reanalysis', 'precipitations', 'ENSO', 'climate future', 'paleoclimate']","With a profound interest in environmental sciences, my expertise encompasses areas such as atmosphere reanalysis, precipitations, and ENSO. My work primarily focuses on understanding and analyzing the complexities of climate future. This involves extensive research and application of methodologies in the field of paleoclimate. I am passionate about contributing to the body of knowledge in this area, aiming to develop sustainable solutions and strategies. My approach is interdisciplinary, integrating aspects of environmental science, data analysis, and climate research to address key challenges in the domain.",industry,America
Mentor_110,"['climate future', 'climate modeling', 'adaptation and impact', 'ocean acidification', 'climate system']","With a profound interest in environmental sciences, my expertise encompasses areas such as climate future, climate modeling, and adaptation and impact. My work primarily focuses on understanding and analyzing the complexities of ocean acidification. This involves extensive research and application of methodologies in the field of climate system. I am passionate about contributing to the body of knowledge in this area, aiming to develop sustainable solutions and strategies. My approach is interdisciplinary, integrating aspects of environmental science, data analysis, and climate research to address key challenges in the domain.",academia,America
Mentor_111,"['heatwaves', 'climate system', 'ENSO', 'IPCC', 'ocean acidification']","With a profound interest in environmental sciences, my expertise encompasses areas such as heatwaves, climate system, and ENSO. My work primarily focuses on understanding and analyzing the complexities of IPCC. This involves extensive research and application of methodologies in the field of ocean acidification. I am passionate about contributing to the body of knowledge in this area, aiming to develop sustainable solutions and strategies. My approach is interdisciplinary, integrating aspects of environmental science, data analysis, and climate research to address key challenges in the domain.",industry,America
Mentor_112,"['climate response', 'heatwaves', 'ocean acidification', 'IPCC', 'climate system']","With a profound interest in environmental sciences, my expertise encompasses areas such as climate response, heatwaves, and ocean acidification. My work primarily focuses on understanding and analyzing the complexities of IPCC. This involves extensive research and application of methodologies in the field of climate system. I am passionate about contributing to the body of knowledge in this area, aiming to develop sustainable solutions and strategies. My approach is interdisciplinary, integrating aspects of environmental science, data analysis, and climate research to address key challenges in the domain.",academia,America
Mentor_113,"['precipitations', 'ENSO', 'paleoclimate', 'extremes and vulnerability', 'wildfires']","With a profound interest in environmental sciences, my expertise encompasses areas such as precipitations, ENSO, and paleoclimate. My work primarily focuses on understanding and analyzing the complexities of extremes and vulnerability. This involves extensive research and application of methodologies in the field of wildfires. I am passionate about contributing to the body of knowledge in this area, aiming to develop sustainable solutions and strategies. My approach is interdisciplinary, integrating aspects of environmental science, data analysis, and climate research to address key challenges in the domain.",industry,America
Mentor_114,"['ocean acidification', 'climate data', 'precipitations', 'sea level rise', 'ocean reanalysis']","With a profound interest in environmental sciences, my expertise encompasses areas such as ocean acidification, climate data, and precipitations. My work primarily focuses on understanding and analyzing the complexities of sea level rise. This involves extensive research and application of methodologies in the field of ocean reanalysis. I am passionate about contributing to the body of knowledge in this area, aiming to develop sustainable solutions and strategies. My approach is interdisciplinary, integrating aspects of environmental science, data analysis, and climate research to address key challenges in the domain.",industry,Oceania
Mentor_115,"['climate data', 'ENSO', 'climate future', 'wildfires', 'climate system']","With a profound interest in environmental sciences, my expertise encompasses areas such as climate data, ENSO, and climate future. My work primarily focuses on understanding and analyzing the complexities of wildfires. This involves extensive research and application of methodologies in the field of climate system. I am passionate about contributing to the body of knowledge in this area, aiming to develop sustainable solutions and strategies. My approach is interdisciplinary, integrating aspects of environmental science, data analysis, and climate research to address key challenges in the domain.",academia,Oceania
Mentor_116,"['sea level rise', 'climate response', 'paleoclimate', 'adaptation and impact', 'extremes and vulnerability']","With a profound interest in environmental sciences, my expertise encompasses areas such as sea level rise, climate response, and paleoclimate. My work primarily focuses on understanding and analyzing the complexities of adaptation and impact. This involves extensive research and application of methodologies in the field of extremes and vulnerability. I am passionate about contributing to the body of knowledge in this area, aiming to develop sustainable solutions and strategies. My approach is interdisciplinary, integrating aspects of environmental science, data analysis, and climate research to address key challenges in the domain.",industry,Asia
Mentor_117,"['heatwaves', 'ocean reanalysis', 'adaptation and impact', 'climate future', 'wildfires']","With a profound interest in environmental sciences, my expertise encompasses areas such as heatwaves, ocean reanalysis, and adaptation and impact. My work primarily focuses on understanding and analyzing the complexities of climate future. This involves extensive research and application of methodologies in the field of wildfires. I am passionate about contributing to the body of knowledge in this area, aiming to develop sustainable solutions and strategies. My approach is interdisciplinary, integrating aspects of environmental science, data analysis, and climate research to address key challenges in the domain.",academia,America
Mentor_118,"['climate data', 'sea level rise', 'heatwaves', 'climate response', 'land use']","With a profound interest in environmental sciences, my expertise encompasses areas such as climate data, sea level rise, and heatwaves. My work primarily focuses on understanding and analyzing the complexities of climate response. This involves extensive research and application of methodologies in the field of land use. I am passionate about contributing to the body of knowledge in this area, aiming to develop sustainable solutions and strategies. My approach is interdisciplinary, integrating aspects of environmental science, data analysis, and climate research to address key challenges in the domain.",industry,Oceania
Mentor_119,"['climate future', 'paleoclimate', 'atmosphere reanalysis', 'climate modeling', 'climate data']","With a profound interest in environmental sciences, my expertise encompasses areas such as climate future, paleoclimate, and atmosphere reanalysis. My work primarily focuses on understanding and analyzing the complexities of climate modeling. This involves extensive research and application of methodologies in the field of climate data. I am passionate about contributing to the body of knowledge in this area, aiming to develop sustainable solutions and strategies. My approach is interdisciplinary, integrating aspects of environmental science, data analysis, and climate research to address key challenges in the domain.",industry,Asia
Mentor_120,"['climate response', 'wildfires', 'ocean reanalysis', 'land use', 'sea level rise']","With a profound interest in environmental sciences, my expertise encompasses areas such as climate response, wildfires, and ocean reanalysis. My work primarily focuses on understanding and analyzing the complexities of land use. This involves extensive research and application of methodologies in the field of sea level rise. I am passionate about contributing to the body of knowledge in this area, aiming to develop sustainable solutions and strategies. My approach is interdisciplinary, integrating aspects of environmental science, data analysis, and climate research to address key challenges in the domain.",academia,America
Mentor_121,"['climate response', 'ocean acidification', 'ocean reanalysis', 'heatwaves', 'land use']","With a profound interest in environmental sciences, my expertise encompasses areas such as climate response, ocean acidification, and ocean reanalysis. My work primarily focuses on understanding and analyzing the complexities of heatwaves. This involves extensive research and application of methodologies in the field of land use. I am passionate about contributing to the body of knowledge in this area, aiming to develop sustainable solutions and strategies. My approach is interdisciplinary, integrating aspects of environmental science, data analysis, and climate research to address key challenges in the domain.",industry,Europe - Africa
Mentor_122,"['climate system', 'extremes and vulnerability', 'wildfires', 'heatwaves', 'climate response']","With a profound interest in environmental sciences, my expertise encompasses areas such as climate system, extremes and vulnerability, and wildfires. My work primarily focuses on understanding and analyzing the complexities of heatwaves. This involves extensive research and application of methodologies in the field of climate response. I am passionate about contributing to the body of knowledge in this area, aiming to develop sustainable solutions and strategies. My approach is interdisciplinary, integrating aspects of environmental science, data analysis, and climate research to address key challenges in the domain.",academia,Asia
Mentor_123,"['ENSO', 'ocean acidification', 'land use', 'paleoclimate', 'climate response']","With a profound interest in environmental sciences, my expertise encompasses areas such as ENSO, ocean acidification, and land use. My work primarily focuses on understanding and analyzing the complexities of paleoclimate. This involves extensive research and application of methodologies in the field of climate response. I am passionate about contributing to the body of knowledge in this area, aiming to develop sustainable solutions and strategies. My approach is interdisciplinary, integrating aspects of environmental science, data analysis, and climate research to address key challenges in the domain.",industry,Oceania
